<?xml version="1.0" encoding="UTF-8"?>
<metadata xml:lang="en"><Esri><CreaDate>20240314</CreaDate><CreaTime>19023700</CreaTime><ArcGISFormat>1.0</ArcGISFormat><SyncOnce>FALSE</SyncOnce><DataProperties><lineage><Process ToolSource="c:\program files (x86)\arcgis\desktop10.8\ArcToolbox\Toolboxes\Data Management Tools.tbx\CalculateField" Date="20230928" Time="150150">CalculateField AoI_UNDP Name "La cañada" VB #</Process><Process ToolSource="c:\program files (x86)\arcgis\desktop10.8\ArcToolbox\Toolboxes\Data Management Tools.tbx\CalculateField" Date="20231026" Time="002540">CalculateField AoI_UNDP Name "Acahualinca Oeste" VB #</Process><Process ToolSource="c:\program files (x86)\arcgis\desktop10.8\ArcToolbox\Toolboxes\Data Management Tools.tbx\CalculateField" Date="20231026" Time="013651">CalculateField AoI_UNDP Name "El Recreo Sur" VB #</Process><Process ToolSource="c:\program files (x86)\arcgis\desktop10.8\ArcToolbox\Toolboxes\Data Management Tools.tbx\RepairGeometry" Date="20231026" Time="094450">RepairGeometry AoI_UNDP DELETE_NULL</Process><Process ToolSource="c:\program files (x86)\arcgis\desktop10.8\ArcToolbox\Toolboxes\Data Management Tools.tbx\RepairGeometry" Date="20231026" Time="094514">RepairGeometry AoI_UNDP DELETE_NULL</Process><Process ToolSource="c:\program files (x86)\arcgis\desktop10.8\ArcToolbox\Toolboxes\Data Management Tools.tbx\RepairGeometry" Date="20231026" Time="094928">RepairGeometry AoI_UNDP DELETE_NULL</Process><Process ToolSource="c:\program files (x86)\arcgis\desktop10.8\ArcToolbox\Toolboxes\Data Management Tools.tbx\RepairGeometry" Date="20231026" Time="100220">RepairGeometry AoI_UNDP KEEP_NULL</Process><Process ToolSource="c:\program files (x86)\arcgis\desktop10.8\ArcToolbox\Toolboxes\Data Management Tools.tbx\Merge" Date="20231027" Time="021135">Merge San_Salvador;Precarious_Settlements_in_SICA_Capitals_v5 "C:\Users\Usuario\Dropbox\Espacio familiar\Precarios_Centroamerica\GEODATABASE\Vectores\Asentamientos\Precarious_Settlements_in_SICA_Capitals_v6.shp" "Name "Name" true true false 254 Text 0 0 ,First,#,San_Salvador,Name,-1,-1,Precarious_Settlements_in_SICA_Capitals_v5,Name,-1,-1;Yr_Mapped "Yr_Mapped" true true false 10 Long 0 10 ,First,#,San_Salvador,Yr_Mapped,-1,-1,Precarious_Settlements_in_SICA_Capitals_v5,Yr_Mapped,-1,-1;Area_m2 "Area_m2" true true false 19 Double 0 0 ,First,#,San_Salvador,Area_m2,-1,-1,Precarious_Settlements_in_SICA_Capitals_v5,Area_m2,-1,-1;Country "Country" true true false 50 Text 0 0 ,First,#,Precarious_Settlements_in_SICA_Capitals_v5,Country,-1,-1"</Process><Process ToolSource="c:\program files (x86)\arcgis\desktop10.8\ArcToolbox\Toolboxes\Data Management Tools.tbx\CalculateField" Date="20231027" Time="021237">CalculateField Precarious_Settlements_in_SICA_Capitals_v6 Country "El Salvador" VB #</Process><Process ToolSource="c:\program files (x86)\arcgis\desktop10.8\ArcToolbox\Toolboxes\Data Management Tools.tbx\DefineProjection" Date="20231127" Time="003520">DefineProjection Precarious_Settlements_in_SICA_Capitals_v6 GEOGCS['GCS_WGS_1984',DATUM['D_WGS_1984',SPHEROID['WGS_1984',6378137.0,298.257223563]],PRIMEM['Greenwich',0.0],UNIT['Degree',0.0174532925199433]]</Process><Process ToolSource="c:\program files (x86)\arcgis\desktop10.8\ArcToolbox\Toolboxes\Data Management Tools.tbx\Merge" Date="20240107" Time="101138">Merge Precarious_Settlements_in_SICA_Capitals_v6;COLONIAS_AREA_URBANA_DC_SEPTIEMBRE_2020 C:\Users\Usuario\Dropbox\CENTROAMERICA\Honduras\Precarios_Tegucigalpa_2.shp "Name "Name" true true false 254 Text 0 0 ,First,#,Precarious_Settlements_in_SICA_Capitals_v6,Name,-1,-1;Yr_Mapped "Yr_Mapped" true true false 10 Long 0 10 ,First,#,Precarious_Settlements_in_SICA_Capitals_v6,Yr_Mapped,-1,-1;Area_m2 "Area_m2" true true false 19 Double 0 0 ,First,#,Precarious_Settlements_in_SICA_Capitals_v6,Area_m2,-1,-1;Country "Country" true true false 50 Text 0 0 ,First,#,Precarious_Settlements_in_SICA_Capitals_v6,Country,-1,-1;fid_1 "fid_1" true true false 9 Long 0 9 ,First,#,COLONIAS_AREA_URBANA_DC_SEPTIEMBRE_2020,fid_1,-1,-1;OBJECTID "OBJECTID" true true false 19 Double 0 19 ,First,#,COLONIAS_AREA_URBANA_DC_SEPTIEMBRE_2020,OBJECTID,-1,-1;SECTOR "SECTOR" true true false 254 Text 0 0 ,First,#,COLONIAS_AREA_URBANA_DC_SEPTIEMBRE_2020,SECTOR,-1,-1;NOM_COL "NOM_COL" true true false 254 Text 0 0 ,First,#,COLONIAS_AREA_URBANA_DC_SEPTIEMBRE_2020,NOM_COL,-1,-1;COD_COL_1 "COD_COL_1" true true false 254 Text 0 0 ,First,#,COLONIAS_AREA_URBANA_DC_SEPTIEMBRE_2020,COD_COL_1,-1,-1;COD_COL_2 "COD_COL_2" true true false 254 Text 0 0 ,First,#,COLONIAS_AREA_URBANA_DC_SEPTIEMBRE_2020,COD_COL_2,-1,-1;TIPO "TIPO" true true false 254 Text 0 0 ,First,#,COLONIAS_AREA_URBANA_DC_SEPTIEMBRE_2020,TIPO,-1,-1;COD_COL_3 "COD_COL_3" true true false 254 Text 0 0 ,First,#,COLONIAS_AREA_URBANA_DC_SEPTIEMBRE_2020,COD_COL_3,-1,-1;OBSERVACIO "OBSERVACIO" true true false 254 Text 0 0 ,First,#,COLONIAS_AREA_URBANA_DC_SEPTIEMBRE_2020,OBSERVACIO,-1,-1;Shape_Leng "Shape_Leng" true true false 33 Double 15 32 ,First,#,COLONIAS_AREA_URBANA_DC_SEPTIEMBRE_2020,Shape_Leng,-1,-1;Shape_Area "Shape_Area" true true false 33 Double 15 32 ,First,#,COLONIAS_AREA_URBANA_DC_SEPTIEMBRE_2020,Shape_Area,-1,-1;Precario "Precario" true true false 5 Long 0 5 ,First,#,COLONIAS_AREA_URBANA_DC_SEPTIEMBRE_2020,Precario,-1,-1"</Process><Process ToolSource="c:\program files (x86)\arcgis\desktop10.8\ArcToolbox\Toolboxes\Data Management Tools.tbx\CalculateField" Date="20240107" Time="101906">CalculateField Precarios_Tegucigalpa_2 Name Name2 VB #</Process><Process ToolSource="c:\program files (x86)\arcgis\desktop10.8\ArcToolbox\Toolboxes\Data Management Tools.tbx\CalculateField" Date="20240107" Time="102001">CalculateField Precarios_Tegucigalpa_2 Name "Los Pinos" VB #</Process><Process ToolSource="c:\program files (x86)\arcgis\desktop10.8\ArcToolbox\Toolboxes\Data Management Tools.tbx\Merge" Date="20240107" Time="142806">Merge Precarios_Tegucigalpa_2;COLONIAS_AREA_URBANA_DC_SEPTIEMBRE_2020 C:\Users\Usuario\Dropbox\CENTROAMERICA\Honduras\Precarios_Tegucigalpa_3.shp "Name "Name" true true false 254 Text 0 0 ,First,#,Precarios_Tegucigalpa_2,Name,-1,-1;Yr_Mapped "Yr_Mapped" true true false 10 Long 0 10 ,First,#,Precarios_Tegucigalpa_2,Yr_Mapped,-1,-1;Area_m2 "Area_m2" true true false 19 Double 0 0 ,First,#,Precarios_Tegucigalpa_2,Area_m2,-1,-1;Country "Country" true true false 50 Text 0 0 ,First,#,Precarios_Tegucigalpa_2,Country,-1,-1;fid_1 "fid_1" true true false 9 Long 0 9 ,First,#,Precarios_Tegucigalpa_2,fid_1,-1,-1,COLONIAS_AREA_URBANA_DC_SEPTIEMBRE_2020,fid_1,-1,-1;OBJECTID "OBJECTID" true true false 19 Double 0 19 ,First,#,Precarios_Tegucigalpa_2,OBJECTID,-1,-1,COLONIAS_AREA_URBANA_DC_SEPTIEMBRE_2020,OBJECTID,-1,-1;SECTOR "SECTOR" true true false 254 Text 0 0 ,First,#,Precarios_Tegucigalpa_2,SECTOR,-1,-1,COLONIAS_AREA_URBANA_DC_SEPTIEMBRE_2020,SECTOR,-1,-1;NOM_COL "NOM_COL" true true false 254 Text 0 0 ,First,#,Precarios_Tegucigalpa_2,NOM_COL,-1,-1,COLONIAS_AREA_URBANA_DC_SEPTIEMBRE_2020,NOM_COL,-1,-1;COD_COL_1 "COD_COL_1" true true false 254 Text 0 0 ,First,#,Precarios_Tegucigalpa_2,COD_COL_1,-1,-1,COLONIAS_AREA_URBANA_DC_SEPTIEMBRE_2020,COD_COL_1,-1,-1;COD_COL_2 "COD_COL_2" true true false 254 Text 0 0 ,First,#,Precarios_Tegucigalpa_2,COD_COL_2,-1,-1,COLONIAS_AREA_URBANA_DC_SEPTIEMBRE_2020,COD_COL_2,-1,-1;TIPO "TIPO" true true false 254 Text 0 0 ,First,#,Precarios_Tegucigalpa_2,TIPO,-1,-1,COLONIAS_AREA_URBANA_DC_SEPTIEMBRE_2020,TIPO,-1,-1;COD_COL_3 "COD_COL_3" true true false 254 Text 0 0 ,First,#,Precarios_Tegucigalpa_2,COD_COL_3,-1,-1,COLONIAS_AREA_URBANA_DC_SEPTIEMBRE_2020,COD_COL_3,-1,-1;OBSERVACIO "OBSERVACIO" true true false 254 Text 0 0 ,First,#,Precarios_Tegucigalpa_2,OBSERVACIO,-1,-1,COLONIAS_AREA_URBANA_DC_SEPTIEMBRE_2020,OBSERVACIO,-1,-1;Shape_Leng "Shape_Leng" true true false 19 Double 15 18 ,First,#,Precarios_Tegucigalpa_2,Shape_Leng,-1,-1,COLONIAS_AREA_URBANA_DC_SEPTIEMBRE_2020,Shape_Leng,-1,-1;Shape_Area "Shape_Area" true true false 19 Double 15 18 ,First,#,Precarios_Tegucigalpa_2,Shape_Area,-1,-1,COLONIAS_AREA_URBANA_DC_SEPTIEMBRE_2020,Shape_Area,-1,-1;Precario "Precario" true true false 5 Long 0 5 ,First,#,Precarios_Tegucigalpa_2,Precario,-1,-1,COLONIAS_AREA_URBANA_DC_SEPTIEMBRE_2020,Precario,-1,-1"</Process><Process ToolSource="c:\program files (x86)\arcgis\desktop10.8\ArcToolbox\Toolboxes\Data Management Tools.tbx\RepairGeometry" Date="20240112" Time="080855">RepairGeometry Precarios_Tegucigalpa_3 DELETE_NULL</Process><Process ToolSource="c:\program files (x86)\arcgis\desktop10.8\ArcToolbox\Toolboxes\Data Management Tools.tbx\Merge" Date="20240112" Time="081105">Merge Precarios_Tegucigalpa_3;merge_erased4 C:\Users\Usuario\Dropbox\CENTROAMERICA\SICA_GIS_Deliverables\Geodataset\SHP\Precarious_Settlements\Honduras\Precarios_Tegucigalpa_4.shp "Name "Name" true true false 254 Text 0 0 ,First,#,Precarios_Tegucigalpa_3,Name,-1,-1,merge_erased4,Name,-1,-1;Yr_Mapped "Yr_Mapped" true true false 10 Long 0 10 ,First,#,Precarios_Tegucigalpa_3,Yr_Mapped,-1,-1,merge_erased4,Yr_Mapped,-1,-1;Area_m2 "Area_m2" true true false 19 Double 0 0 ,First,#,Precarios_Tegucigalpa_3,Area_m2,-1,-1,merge_erased4,Area_m2,-1,-1;Country "Country" true true false 50 Text 0 0 ,First,#,Precarios_Tegucigalpa_3,Country,-1,-1,merge_erased4,Country,-1,-1;fid_1 "fid_1" true true false 9 Long 0 9 ,First,#,Precarios_Tegucigalpa_3,fid_1,-1,-1,merge_erased4,fid_1,-1,-1;OBJECTID "OBJECTID" true true false 19 Double 0 19 ,First,#,Precarios_Tegucigalpa_3,OBJECTID,-1,-1,merge_erased4,OBJECTID,-1,-1;SECTOR "SECTOR" true true false 254 Text 0 0 ,First,#,Precarios_Tegucigalpa_3,SECTOR,-1,-1,merge_erased4,SECTOR,-1,-1;NOM_COL "NOM_COL" true true false 254 Text 0 0 ,First,#,Precarios_Tegucigalpa_3,NOM_COL,-1,-1,merge_erased4,NOM_COL,-1,-1;COD_COL_1 "COD_COL_1" true true false 254 Text 0 0 ,First,#,Precarios_Tegucigalpa_3,COD_COL_1,-1,-1,merge_erased4,COD_COL_1,-1,-1;COD_COL_2 "COD_COL_2" true true false 254 Text 0 0 ,First,#,Precarios_Tegucigalpa_3,COD_COL_2,-1,-1,merge_erased4,COD_COL_2,-1,-1;TIPO "TIPO" true true false 254 Text 0 0 ,First,#,Precarios_Tegucigalpa_3,TIPO,-1,-1,merge_erased4,TIPO,-1,-1;COD_COL_3 "COD_COL_3" true true false 254 Text 0 0 ,First,#,Precarios_Tegucigalpa_3,COD_COL_3,-1,-1,merge_erased4,COD_COL_3,-1,-1;OBSERVACIO "OBSERVACIO" true true false 254 Text 0 0 ,First,#,Precarios_Tegucigalpa_3,OBSERVACIO,-1,-1,merge_erased4,OBSERVACIO,-1,-1;Shape_Leng "Shape_Leng" true true false 19 Double 15 18 ,First,#,Precarios_Tegucigalpa_3,Shape_Leng,-1,-1,merge_erased4,Shape_Leng,-1,-1;Shape_Area "Shape_Area" true true false 19 Double 15 18 ,First,#,Precarios_Tegucigalpa_3,Shape_Area,-1,-1,merge_erased4,Shape_Area,-1,-1;Precario "Precario" true true false 5 Long 0 5 ,First,#,Precarios_Tegucigalpa_3,Precario,-1,-1,merge_erased4,Precario,-1,-1"</Process><Process ToolSource="c:\program files (x86)\arcgis\desktop10.8\ArcToolbox\Toolboxes\Data Management Tools.tbx\CalculateField" Date="20240229" Time="154719">CalculateField Precarios_Tegucigalpa_4 NOM_COL [Name] VB #</Process><Process ToolSource="c:\program files (x86)\arcgis\desktop10.8\ArcToolbox\Toolboxes\Data Management Tools.tbx\CalculateField" Date="20240229" Time="155559">CalculateField Precarios_Tegucigalpa_4 Name [NOM_COL] VB #</Process><Process ToolSource="c:\program files (x86)\arcgis\desktop10.8\ArcToolbox\Toolboxes\Data Management Tools.tbx\CalculateField" Date="20240314" Time="185123">CalculateField Tegucigalpa_PS Pais "HON" VB #</Process><Process ToolSource="c:\program files (x86)\arcgis\desktop10.8\ArcToolbox\Toolboxes\Data Management Tools.tbx\CalculateField" Date="20240314" Time="185155">CalculateField Tegucigalpa_PS Conurba "TDC" VB #</Process><Process ToolSource="c:\program files (x86)\arcgis\desktop10.8\ArcToolbox\Toolboxes\Data Management Tools.tbx\CalculateField" Date="20240314" Time="185221">CalculateField Tegucigalpa_PS APID [FID] VB #</Process><Process ToolSource="c:\program files (x86)\arcgis\desktop10.8\ArcToolbox\Toolboxes\Data Management Tools.tbx\CalculateField" Date="20240314" Time="185253">CalculateField Tegucigalpa_PS APID [FID] VB #</Process><Process ToolSource="c:\program files (x86)\arcgis\desktop10.8\ArcToolbox\Toolboxes\Data Management Tools.tbx\CalculateField" Date="20240314" Time="185405">CalculateField Tegucigalpa_PS APID ""TDC"+ [APID]" VB #</Process><Process ToolSource="c:\program files (x86)\arcgis\desktop10.8\ArcToolbox\Toolboxes\Data Management Tools.tbx\CalculateField" Date="20240314" Time="185642">CalculateField Tegucigalpa_PS Nombre [Name] VB #</Process><Process ToolSource="c:\program files (x86)\arcgis\desktop10.8\ArcToolbox\Toolboxes\Data Management Tools.tbx\CalculateField" Date="20240314" Time="185759">CalculateField Tegucigalpa_PS COMODIN [Area_m2] VB #</Process><Process ToolSource="c:\program files (x86)\arcgis\desktop10.8\ArcToolbox\Toolboxes\Data Management Tools.tbx\CalculateField" Date="20240314" Time="185909">CalculateField Tegucigalpa_PS Area_m2 [COMODIN] VB #</Process><Process ToolSource="c:\program files (x86)\arcgis\desktop10.8\ArcToolbox\Toolboxes\Data Management Tools.tbx\CalculateField" Date="20240314" Time="211242">CalculateField Tegucigalpa_PS T_area_ori "GM" VB #</Process><Process ToolSource="c:\program files (x86)\arcgis\desktop10.8\ArcToolbox\Toolboxes\Data Management Tools.tbx\CalculateField" Date="20240314" Time="211336">CalculateField Tegucigalpa_PS IOSAP "([T_area_m2] / [Area_m2]) * 100" VB #</Process><Process ToolSource="c:\program files (x86)\arcgis\desktop10.8\ArcToolbox\Toolboxes\Data Management Tools.tbx\CalculateField" Date="20240314" Time="220954">CalculateField Tegucigalpa_PS T_area_ori "GIZ" VB #</Process></lineage><itemProps><itemName Sync="TRUE">Precarios_Tegucigalpa_4</itemName><imsContentType Sync="TRUE">002</imsContentType><itemSize Sync="TRUE">0.000</itemSize><itemLocation><linkage Sync="TRUE">file://\\MAPPING01\Dropbox\CENTROAMERICA\SICA_GIS_Deliverables\Geodataset\SHP\Precarious_Settlements\Honduras\Precarios_Tegucigalpa_4.shp</linkage><protocol Sync="TRUE">Local Area Network</protocol></itemLocation></itemProps><coordRef><type Sync="TRUE">Geographic</type><geogcsn Sync="TRUE">GCS_WGS_1984</geogcsn><csUnits Sync="TRUE">Angular Unit: Degree (0.017453)</csUnits><peXml Sync="TRUE">&lt;GeographicCoordinateSystem xsi:type='typens:GeographicCoordinateSystem' xmlns:xsi='http://www.w3.org/2001/XMLSchema-instance' xmlns:xs='http://www.w3.org/2001/XMLSchema' xmlns:typens='http://www.esri.com/schemas/ArcGIS/10.7'&gt;&lt;WKT&gt;GEOGCS[&amp;quot;GCS_WGS_1984&amp;quot;,DATUM[&amp;quot;D_WGS_1984&amp;quot;,SPHEROID[&amp;quot;WGS_1984&amp;quot;,6378137.0,298.257223563]],PRIMEM[&amp;quot;Greenwich&amp;quot;,0.0],UNIT[&amp;quot;Degree&amp;quot;,0.0174532925199433],AUTHORITY[&amp;quot;EPSG&amp;quot;,4326]]&lt;/WKT&gt;&lt;XOrigin&gt;-400&lt;/XOrigin&gt;&lt;YOrigin&gt;-400&lt;/YOrigin&gt;&lt;XYScale&gt;11258999068426.238&lt;/XYScale&gt;&lt;ZOrigin&gt;-100000&lt;/ZOrigin&gt;&lt;ZScale&gt;10000&lt;/ZScale&gt;&lt;MOrigin&gt;-100000&lt;/MOrigin&gt;&lt;MScale&gt;10000&lt;/MScale&gt;&lt;XYTolerance&gt;8.983152841195215e-09&lt;/XYTolerance&gt;&lt;ZTolerance&gt;0.001&lt;/ZTolerance&gt;&lt;MTolerance&gt;0.001&lt;/MTolerance&gt;&lt;HighPrecision&gt;true&lt;/HighPrecision&gt;&lt;LeftLongitude&gt;-180&lt;/LeftLongitude&gt;&lt;WKID&gt;4326&lt;/WKID&gt;&lt;LatestWKID&gt;4326&lt;/LatestWKID&gt;&lt;/GeographicCoordinateSystem&gt;</peXml></coordRef></DataProperties><SyncDate>20240112</SyncDate><SyncTime>08110400</SyncTime><ModDate>20240112</ModDate><ModTime>08110400</ModTime></Esri><dataIdInfo><envirDesc Sync="TRUE"> Version 6.2 (Build 9200) ; Esri ArcGIS 10.8.0.12790</envirDesc><dataLang><languageCode value="eng" Sync="TRUE"></languageCode><countryCode value="USA" Sync="TRUE"></countryCode></dataLang><idCitation><resTitle Sync="TRUE">Precarios_Tegucigalpa_4</resTitle><presForm><PresFormCd value="005" Sync="TRUE"></PresFormCd></presForm></idCitation><spatRpType><SpatRepTypCd value="001" Sync="TRUE"></SpatRepTypCd></spatRpType></dataIdInfo><mdLang><languageCode value="eng" Sync="TRUE"></languageCode><countryCode value="USA" Sync="TRUE"></countryCode></mdLang><mdChar><CharSetCd value="004" Sync="TRUE"></CharSetCd></mdChar><distInfo><distFormat><formatName Sync="TRUE">Shapefile</formatName></distFormat><distTranOps><transSize Sync="TRUE">0.000</transSize></distTranOps></distInfo><mdHrLv><ScopeCd value="005" Sync="TRUE"></ScopeCd></mdHrLv><mdHrLvName Sync="TRUE">dataset</mdHrLvName><refSysInfo><RefSystem><refSysID><identCode code="4326" Sync="TRUE"></identCode><idCodeSpace Sync="TRUE">EPSG</idCodeSpace><idVersion Sync="TRUE">6.14(3.0.1)</idVersion></refSysID></RefSystem></refSysInfo><spatRepInfo><VectSpatRep><geometObjs Name="Precarios_Tegucigalpa_4"><geoObjTyp><GeoObjTypCd value="002" Sync="TRUE"></GeoObjTypCd></geoObjTyp><geoObjCnt Sync="TRUE">0</geoObjCnt></geometObjs><topLvl><TopoLevCd value="001" Sync="TRUE"></TopoLevCd></topLvl></VectSpatRep></spatRepInfo><spdoinfo><ptvctinf><esriterm Name="Precarios_Tegucigalpa_4"><efeatyp Sync="TRUE">Simple</efeatyp><efeageom code="4" Sync="TRUE"></efeageom><esritopo Sync="TRUE">FALSE</esritopo><efeacnt Sync="TRUE">0</efeacnt><spindex Sync="TRUE">FALSE</spindex><linrefer Sync="TRUE">TRUE</linrefer></esriterm></ptvctinf></spdoinfo><eainfo><detailed Name="Precarios_Tegucigalpa_4"><enttyp><enttypl Sync="TRUE">Precarios_Tegucigalpa_4</enttypl><enttypt Sync="TRUE">Feature Class</enttypt><enttypc Sync="TRUE">0</enttypc></enttyp><attr><attrlabl Sync="TRUE">FID</attrlabl><attalias Sync="TRUE">FID</attalias><attrtype Sync="TRUE">OID</attrtype><attwidth Sync="TRUE">4</attwidth><atprecis Sync="TRUE">0</atprecis><attscale Sync="TRUE">0</attscale><attrdef Sync="TRUE">Internal feature number.</attrdef><attrdefs Sync="TRUE">Esri</attrdefs><attrdomv><udom Sync="TRUE">Sequential unique whole numbers that are automatically generated.</udom></attrdomv></attr><attr><attrlabl Sync="TRUE">Shape</attrlabl><attalias Sync="TRUE">Shape</attalias><attrtype Sync="TRUE">Geometry</attrtype><attwidth Sync="TRUE">0</attwidth><atprecis Sync="TRUE">0</atprecis><attscale Sync="TRUE">0</attscale><attrdef Sync="TRUE">Feature geometry.</attrdef><attrdefs Sync="TRUE">Esri</attrdefs><attrdomv><udom Sync="TRUE">Coordinates defining the features.</udom></attrdomv></attr><attr><attrlabl Sync="TRUE">Name</attrlabl><attalias Sync="TRUE">Name</attalias><attrtype Sync="TRUE">String</attrtype><attwidth Sync="TRUE">254</attwidth><atprecis Sync="TRUE">0</atprecis><attscale Sync="TRUE">0</attscale></attr><attr><attrlabl Sync="TRUE">Yr_Mapped</attrlabl><attalias Sync="TRUE">Yr_Mapped</attalias><attrtype Sync="TRUE">Integer</attrtype><attwidth Sync="TRUE">10</attwidth><atprecis Sync="TRUE">10</atprecis><attscale Sync="TRUE">0</attscale></attr><attr><attrlabl Sync="TRUE">Area_m2</attrlabl><attalias Sync="TRUE">Area_m2</attalias><attrtype Sync="TRUE">Double</attrtype><attwidth Sync="TRUE">19</attwidth><atprecis Sync="TRUE">0</atprecis><attscale Sync="TRUE">0</attscale></attr><attr><attrlabl Sync="TRUE">Country</attrlabl><attalias Sync="TRUE">Country</attalias><attrtype Sync="TRUE">String</attrtype><attwidth Sync="TRUE">50</attwidth><atprecis Sync="TRUE">0</atprecis><attscale Sync="TRUE">0</attscale></attr><attr><attrlabl Sync="TRUE">fid_1</attrlabl><attalias Sync="TRUE">fid_1</attalias><attrtype Sync="TRUE">Integer</attrtype><attwidth Sync="TRUE">9</attwidth><atprecis Sync="TRUE">9</atprecis><attscale Sync="TRUE">0</attscale></attr><attr><attrlabl Sync="TRUE">OBJECTID</attrlabl><attalias Sync="TRUE">OBJECTID</attalias><attrtype Sync="TRUE">Double</attrtype><attwidth Sync="TRUE">19</attwidth><atprecis Sync="TRUE">19</atprecis><attscale Sync="TRUE">0</attscale></attr><attr><attrlabl Sync="TRUE">SECTOR</attrlabl><attalias Sync="TRUE">SECTOR</attalias><attrtype Sync="TRUE">String</attrtype><attwidth Sync="TRUE">254</attwidth><atprecis Sync="TRUE">0</atprecis><attscale Sync="TRUE">0</attscale></attr><attr><attrlabl Sync="TRUE">NOM_COL</attrlabl><attalias Sync="TRUE">NOM_COL</attalias><attrtype Sync="TRUE">String</attrtype><attwidth Sync="TRUE">254</attwidth><atprecis Sync="TRUE">0</atprecis><attscale Sync="TRUE">0</attscale></attr><attr><attrlabl Sync="TRUE">COD_COL_1</attrlabl><attalias Sync="TRUE">COD_COL_1</attalias><attrtype Sync="TRUE">String</attrtype><attwidth Sync="TRUE">254</attwidth><atprecis Sync="TRUE">0</atprecis><attscale Sync="TRUE">0</attscale></attr><attr><attrlabl Sync="TRUE">COD_COL_2</attrlabl><attalias Sync="TRUE">COD_COL_2</attalias><attrtype Sync="TRUE">String</attrtype><attwidth Sync="TRUE">254</attwidth><atprecis Sync="TRUE">0</atprecis><attscale Sync="TRUE">0</attscale></attr><attr><attrlabl Sync="TRUE">TIPO</attrlabl><attalias Sync="TRUE">TIPO</attalias><attrtype Sync="TRUE">String</attrtype><attwidth Sync="TRUE">254</attwidth><atprecis Sync="TRUE">0</atprecis><attscale Sync="TRUE">0</attscale></attr><attr><attrlabl Sync="TRUE">COD_COL_3</attrlabl><attalias Sync="TRUE">COD_COL_3</attalias><attrtype Sync="TRUE">String</attrtype><attwidth Sync="TRUE">254</attwidth><atprecis Sync="TRUE">0</atprecis><attscale Sync="TRUE">0</attscale></attr><attr><attrlabl Sync="TRUE">OBSERVACIO</attrlabl><attalias Sync="TRUE">OBSERVACIO</attalias><attrtype Sync="TRUE">String</attrtype><attwidth Sync="TRUE">254</attwidth><atprecis Sync="TRUE">0</atprecis><attscale Sync="TRUE">0</attscale></attr><attr><attrlabl Sync="TRUE">Shape_Leng</attrlabl><attalias Sync="TRUE">Shape_Leng</attalias><attrtype Sync="TRUE">Double</attrtype><attwidth Sync="TRUE">19</attwidth><atprecis Sync="TRUE">18</atprecis><attscale Sync="TRUE">15</attscale></attr><attr><attrlabl Sync="TRUE">Shape_Area</attrlabl><attalias Sync="TRUE">Shape_Area</attalias><attrtype Sync="TRUE">Double</attrtype><attwidth Sync="TRUE">19</attwidth><atprecis Sync="TRUE">18</atprecis><attscale Sync="TRUE">15</attscale><attrdef Sync="TRUE">Area of feature in internal units squared.</attrdef><attrdefs Sync="TRUE">Esri</attrdefs><attrdomv><udom Sync="TRUE">Positive real numbers that are automatically generated.</udom></attrdomv></attr><attr><attrlabl Sync="TRUE">Precario</attrlabl><attalias Sync="TRUE">Precario</attalias><attrtype Sync="TRUE">Integer</attrtype><attwidth Sync="TRUE">5</attwidth><atprecis Sync="TRUE">5</atprecis><attscale Sync="TRUE">0</attscale></attr></detailed></eainfo><mdDateSt Sync="TRUE">20240112</mdDateSt></metadata>
