<?xml version="1.0" encoding="UTF-8"?>
<metadata xml:lang="en"><Esri><CreaDate>20240314</CreaDate><CreaTime>18324000</CreaTime><ArcGISFormat>1.0</ArcGISFormat><SyncOnce>FALSE</SyncOnce><DataProperties><lineage><Process ToolSource="c:\program files (x86)\arcgis\desktop10.8\ArcToolbox\Toolboxes\Data Management Tools.tbx\CalculateField" Date="20230928" Time="150150">CalculateField AoI_UNDP Name "La cañada" VB #</Process><Process ToolSource="c:\program files (x86)\arcgis\desktop10.8\ArcToolbox\Toolboxes\Data Management Tools.tbx\CalculateField" Date="20231026" Time="002540">CalculateField AoI_UNDP Name "Acahualinca Oeste" VB #</Process><Process ToolSource="c:\program files (x86)\arcgis\desktop10.8\ArcToolbox\Toolboxes\Data Management Tools.tbx\CalculateField" Date="20231026" Time="013651">CalculateField AoI_UNDP Name "El Recreo Sur" VB #</Process><Process ToolSource="c:\program files (x86)\arcgis\desktop10.8\ArcToolbox\Toolboxes\Data Management Tools.tbx\RepairGeometry" Date="20231026" Time="094450">RepairGeometry AoI_UNDP DELETE_NULL</Process><Process ToolSource="c:\program files (x86)\arcgis\desktop10.8\ArcToolbox\Toolboxes\Data Management Tools.tbx\RepairGeometry" Date="20231026" Time="094514">RepairGeometry AoI_UNDP DELETE_NULL</Process><Process ToolSource="c:\program files (x86)\arcgis\desktop10.8\ArcToolbox\Toolboxes\Data Management Tools.tbx\RepairGeometry" Date="20231026" Time="094928">RepairGeometry AoI_UNDP DELETE_NULL</Process><Process ToolSource="c:\program files (x86)\arcgis\desktop10.8\ArcToolbox\Toolboxes\Data Management Tools.tbx\RepairGeometry" Date="20231026" Time="100220">RepairGeometry AoI_UNDP KEEP_NULL</Process><Process ToolSource="c:\program files (x86)\arcgis\desktop10.8\ArcToolbox\Toolboxes\Data Management Tools.tbx\Merge" Date="20231027" Time="021135">Merge San_Salvador;Precarious_Settlements_in_SICA_Capitals_v5 "C:\Users\Usuario\Dropbox\Espacio familiar\Precarios_Centroamerica\GEODATABASE\Vectores\Asentamientos\Precarious_Settlements_in_SICA_Capitals_v6.shp" "Name "Name" true true false 254 Text 0 0 ,First,#,San_Salvador,Name,-1,-1,Precarious_Settlements_in_SICA_Capitals_v5,Name,-1,-1;Yr_Mapped "Yr_Mapped" true true false 10 Long 0 10 ,First,#,San_Salvador,Yr_Mapped,-1,-1,Precarious_Settlements_in_SICA_Capitals_v5,Yr_Mapped,-1,-1;Area_m2 "Area_m2" true true false 19 Double 0 0 ,First,#,San_Salvador,Area_m2,-1,-1,Precarious_Settlements_in_SICA_Capitals_v5,Area_m2,-1,-1;Country "Country" true true false 50 Text 0 0 ,First,#,Precarious_Settlements_in_SICA_Capitals_v5,Country,-1,-1"</Process><Process ToolSource="c:\program files (x86)\arcgis\desktop10.8\ArcToolbox\Toolboxes\Data Management Tools.tbx\CalculateField" Date="20231027" Time="021237">CalculateField Precarious_Settlements_in_SICA_Capitals_v6 Country "El Salvador" VB #</Process><Process ToolSource="c:\program files (x86)\arcgis\desktop10.8\ArcToolbox\Toolboxes\Data Management Tools.tbx\DefineProjection" Date="20231127" Time="003520">DefineProjection Precarious_Settlements_in_SICA_Capitals_v6 GEOGCS['GCS_WGS_1984',DATUM['D_WGS_1984',SPHEROID['WGS_1984',6378137.0,298.257223563]],PRIMEM['Greenwich',0.0],UNIT['Degree',0.0174532925199433]]</Process><Process ToolSource="c:\program files (x86)\arcgis\desktop10.8\ArcToolbox\Toolboxes\Data Management Tools.tbx\CalculateField" Date="20240112" Time="140259">CalculateField Precarious_Settlements_in_SICA_Capitals_v6 Managua 1 VB #</Process><Process ToolSource="c:\program files (x86)\arcgis\desktop10.8\ArcToolbox\Toolboxes\Data Management Tools.tbx\CalculateField" Date="20240215" Time="170839">CalculateField SantoDomingo_PS_workshop Yr_Mapped 2023 VB #</Process><Process ToolSource="c:\program files (x86)\arcgis\desktop10.8\ArcToolbox\Toolboxes\Data Management Tools.tbx\CalculateField" Date="20240303" Time="172528">CalculateField SantoDomingo_PS_workshop Eliminar 1 VB #</Process><Process ToolSource="c:\program files (x86)\arcgis\desktop10.8\ArcToolbox\Toolboxes\Data Management Tools.tbx\CalculateField" Date="20240303" Time="172629">CalculateField SantoDomingo_PS_workshop Eliminar 1 VB #</Process><Process ToolSource="c:\program files (x86)\arcgis\desktop10.8\ArcToolbox\Toolboxes\Data Management Tools.tbx\CalculateField" Date="20240303" Time="172800">CalculateField SantoDomingo_PS_workshop Eliminar 1 VB #</Process><Process ToolSource="c:\program files (x86)\arcgis\desktop10.8\ArcToolbox\Toolboxes\Data Management Tools.tbx\Merge" Date="20240303" Time="174202">Merge SantoDomingo_PS_workshop;Santo_Domingo_pw;SD_Este C:\Users\Usuario\Dropbox\CENTROAMERICA\SICA_GIS_Deliverables\Geodataset\SHP\Precarious_Settlements\Santo_Domingo_integra.shp "Name "Name" true true false 254 Text 0 0 ,First,#,SantoDomingo_PS_workshop,Name,-1,-1,Santo_Domingo_pw,Name,-1,-1,SD_Este,Name,-1,-1;Country "Country" true true false 50 Text 0 0 ,First,#,SantoDomingo_PS_workshop,Country,-1,-1,Santo_Domingo_pw,Country,-1,-1;BP "BP" true true false 254 Text 0 0 ,First,#,Santo_Domingo_pw,BP,-1,-1;TIPO "TIPO" true true false 254 Text 0 0 ,First,#,Santo_Domingo_pw,TIPO,-1,-1;CATEGORIA "CATEGORIA" true true false 254 Text 0 0 ,First,#,Santo_Domingo_pw,CATEGORIA,-1,-1;CIRCUNSCRI "CIRCUNSCRI" true true false 254 Text 0 0 ,First,#,Santo_Domingo_pw,CIRCUNSCRI,-1,-1;AREA_EN_KM "AREA_EN_KM" true true false 24 Double 15 23 ,First,#,Santo_Domingo_pw,AREA_EN_KM,-1,-1;NOMBRE "NOMBRE" true true false 254 Text 0 0 ,First,#,Santo_Domingo_pw,NOMBRE,-1,-1;AREA_1 "AREA_1" true true false 24 Double 15 23 ,First,#,Santo_Domingo_pw,AREA_1,-1,-1;name_1 "name_1" true true false 254 Text 0 0 ,First,#,Santo_Domingo_pw,name_1,-1,-1;descriptio "descriptio" true true false 254 Text 0 0 ,First,#,Santo_Domingo_pw,descriptio,-1,-1,SD_Este,descriptio,-1,-1;uuid "uuid" true true false 254 Text 0 0 ,First,#,Santo_Domingo_pw,uuid,-1,-1"</Process><Process ToolSource="c:\program files (x86)\arcgis\desktop10.8\ArcToolbox\Toolboxes\Data Management Tools.tbx\CalculateField" Date="20240303" Time="174300">CalculateField Santo_Domingo_integra Name [NOMBRE] VB #</Process><Process ToolSource="c:\program files (x86)\arcgis\desktop10.8\ArcToolbox\Toolboxes\Data Management Tools.tbx\Dissolve" Date="20240303" Time="174327">Dissolve Santo_Domingo_integra C:\Users\Usuario\Dropbox\CENTROAMERICA\SICA_GIS_Deliverables\Geodataset\SHP\Precarious_Settlements\Santo_Domingo_integra_dis.shp Name # MULTI_PART DISSOLVE_LINES</Process><Process ToolSource="c:\program files (x86)\arcgis\desktop10.8\ArcToolbox\Toolboxes\Data Management Tools.tbx\RepairGeometry" Date="20240304" Time="171251">RepairGeometry SantoDomingo_PS DELETE_NULL</Process><Process ToolSource="c:\program files (x86)\arcgis\desktop10.8\ArcToolbox\Toolboxes\Data Management Tools.tbx\MultipartToSinglepart" Date="20240312" Time="082733">MultipartToSinglepart Desconocido_SantoDomingo C:\Users\Usuario\Dropbox\CENTROAMERICA\SICA_GIS_Deliverables\Geodataset\SHP\Precarious_Settlements\Desconocido_SantoDomingo_single.shp</Process><Process ToolSource="c:\program files (x86)\arcgis\desktop10.8\ArcToolbox\Toolboxes\Data Management Tools.tbx\CalculateField" Date="20240312" Time="083405">CalculateField Desconocido_SantoDomingo_single Nombre Zurza2 VB #</Process><Process ToolSource="c:\program files (x86)\arcgis\desktop10.8\ArcToolbox\Toolboxes\Data Management Tools.tbx\CalculateField" Date="20240312" Time="083419">CalculateField Desconocido_SantoDomingo_single Nombre "Zurza2" VB #</Process><Process ToolSource="c:\program files (x86)\arcgis\desktop10.8\ArcToolbox\Toolboxes\Data Management Tools.tbx\CalculateField" Date="20240312" Time="083508">CalculateField Desconocido_SantoDomingo_single Nombre "La Zurza" VB #</Process><Process ToolSource="c:\program files (x86)\arcgis\desktop10.8\ArcToolbox\Toolboxes\Data Management Tools.tbx\CalculateField" Date="20240312" Time="083611">CalculateField Desconocido_SantoDomingo_single Nombre "Capotillo" VB #</Process><Process ToolSource="c:\program files (x86)\arcgis\desktop10.8\ArcToolbox\Toolboxes\Data Management Tools.tbx\CalculateField" Date="20240312" Time="083659">CalculateField Desconocido_SantoDomingo_single Nombre "La Cañita" VB #</Process><Process ToolSource="c:\program files (x86)\arcgis\desktop10.8\ArcToolbox\Toolboxes\Data Management Tools.tbx\CalculateField" Date="20240312" Time="083806">CalculateField Desconocido_SantoDomingo_single Nombre "Gualey" VB #</Process><Process ToolSource="c:\program files (x86)\arcgis\desktop10.8\ArcToolbox\Toolboxes\Data Management Tools.tbx\CalculateField" Date="20240312" Time="083931">CalculateField Desconocido_SantoDomingo_single Nombre "Los Girasoles III" VB #</Process><Process ToolSource="c:\program files (x86)\arcgis\desktop10.8\ArcToolbox\Toolboxes\Data Management Tools.tbx\Merge" Date="20240312" Time="084118">Merge Desconocido_SantoDomingo_single;'Asentamientos Precarios' C:\Users\Usuario\Dropbox\CENTROAMERICA\SICA_GIS_Deliverables\Geodataset\SHP\Precarious_Settlements\Final_versions\SantoDomingo_PS_.shp "Nombre "Nombre" true true false 50 Text 0 0 ,First,#,Desconocido_SantoDomingo_single,Nombre,-1,-1,Asentamientos Precarios,Nombre,-1,-1;Area_m2 "Area_m2" true true false 13 Float 0 0 ,First,#,Desconocido_SantoDomingo_single,Area_m2,-1,-1,Asentamientos Precarios,Area_m2,-1,-1;Area_ha "Area_ha" true true false 19 Double 0 0 ,First,#,Desconocido_SantoDomingo_single,Area_ha,-1,-1,Asentamientos Precarios,Area_ha,-1,-1;ORIG_FID "ORIG_FID" true true false 10 Long 0 10 ,First,#,Desconocido_SantoDomingo_single,ORIG_FID,-1,-1"</Process><Process ToolSource="c:\program files (x86)\arcgis\desktop10.8\ArcToolbox\Toolboxes\Data Management Tools.tbx\Dissolve" Date="20240312" Time="084243">Dissolve SantoDomingo_PS_ C:\Users\Usuario\Dropbox\CENTROAMERICA\SICA_GIS_Deliverables\Geodataset\SHP\Precarious_Settlements\Final_versions\SantoDomingo_PS_dis.shp Nombre # MULTI_PART DISSOLVE_LINES</Process><Process ToolSource="c:\program files (x86)\arcgis\desktop10.8\ArcToolbox\Toolboxes\Data Management Tools.tbx\CalculateField" Date="20240314" Time="181508">CalculateField SantoDomingo_PS COMODIN [Nombre] VB #</Process><Process ToolSource="c:\program files (x86)\arcgis\desktop10.8\ArcToolbox\Toolboxes\Data Management Tools.tbx\CalculateField" Date="20240314" Time="181616">CalculateField SantoDomingo_PS Nombre [COMODIN] VB #</Process><Process ToolSource="c:\program files (x86)\arcgis\desktop10.8\ArcToolbox\Toolboxes\Data Management Tools.tbx\CalculateField" Date="20240314" Time="181633">CalculateField SantoDomingo_PS Nombre [COMODIN] VB #</Process><Process ToolSource="c:\program files (x86)\arcgis\desktop10.8\ArcToolbox\Toolboxes\Data Management Tools.tbx\CalculateField" Date="20240314" Time="181656">CalculateField SantoDomingo_PS Nombre [Area_m2] VB #</Process><Process ToolSource="c:\program files (x86)\arcgis\desktop10.8\ArcToolbox\Toolboxes\Data Management Tools.tbx\CalculateField" Date="20240314" Time="181835">CalculateField SantoDomingo_PS Nombre [COMODIN] VB #</Process><Process ToolSource="c:\program files (x86)\arcgis\desktop10.8\ArcToolbox\Toolboxes\Data Management Tools.tbx\CalculateField" Date="20240314" Time="181909">CalculateField SantoDomingo_PS como2 [Area_m2] VB #</Process><Process ToolSource="c:\program files (x86)\arcgis\desktop10.8\ArcToolbox\Toolboxes\Data Management Tools.tbx\CalculateField" Date="20240314" Time="181953">CalculateField SantoDomingo_PS Area_m2 [como2] VB #</Process><Process ToolSource="c:\program files (x86)\arcgis\desktop10.8\ArcToolbox\Toolboxes\Data Management Tools.tbx\CalculateField" Date="20240314" Time="182551">CalculateField SantoDomingo_PS Pais "RD" VB #</Process><Process ToolSource="c:\program files (x86)\arcgis\desktop10.8\ArcToolbox\Toolboxes\Data Management Tools.tbx\CalculateField" Date="20240314" Time="182620">CalculateField SantoDomingo_PS Conurba "ZMSD" VB #</Process><Process ToolSource="c:\program files (x86)\arcgis\desktop10.8\ArcToolbox\Toolboxes\Data Management Tools.tbx\CalculateField" Date="20240314" Time="182632">CalculateField SantoDomingo_PS APID [FID] VB #</Process><Process ToolSource="c:\program files (x86)\arcgis\desktop10.8\ArcToolbox\Toolboxes\Data Management Tools.tbx\CalculateField" Date="20240314" Time="182658">CalculateField SantoDomingo_PS APID ""ZMSD"+ [APID]" VB #</Process><Process ToolSource="c:\program files (x86)\arcgis\desktop10.8\ArcToolbox\Toolboxes\Data Management Tools.tbx\CalculateField" Date="20240314" Time="215005">CalculateField SantoDomingo_PS IOSAP "([T_area_m2] / [Area_m2]) * 100" VB #</Process><Process ToolSource="c:\program files (x86)\arcgis\desktop10.8\ArcToolbox\Toolboxes\Data Management Tools.tbx\CalculateField" Date="20240314" Time="215148">CalculateField SantoDomingo_PS IOSAP "([T_area_m2] / [Area_m2]) * 100" VB #</Process><Process ToolSource="c:\program files (x86)\arcgis\desktop10.8\ArcToolbox\Toolboxes\Data Management Tools.tbx\CalculateField" Date="20240314" Time="215205">CalculateField SantoDomingo_PS IOSAP "([T_area_m2] / [Area_m2]) * 100" VB #</Process><Process ToolSource="c:\program files (x86)\arcgis\desktop10.8\ArcToolbox\Toolboxes\Data Management Tools.tbx\CalculateField" Date="20240314" Time="220447">CalculateField SantoDomingo_PS T_area_ori "G" VB #</Process><Process ToolSource="c:\program files (x86)\arcgis\desktop10.8\ArcToolbox\Toolboxes\Data Management Tools.tbx\CalculateField" Date="20240314" Time="220533">CalculateField SantoDomingo_PS T_area_ori "Google" VB #</Process></lineage><itemProps><itemName Sync="TRUE">SantoDomingo_PS_dis</itemName><imsContentType Sync="TRUE">002</imsContentType><itemSize Sync="TRUE">0.000</itemSize><itemLocation><linkage Sync="TRUE">file://\\MAPPING01\Dropbox\CENTROAMERICA\SICA_GIS_Deliverables\Geodataset\SHP\Precarious_Settlements\Final_versions\SantoDomingo_PS_dis.shp</linkage><protocol Sync="TRUE">Local Area Network</protocol></itemLocation></itemProps><coordRef><type Sync="TRUE">Geographic</type><geogcsn Sync="TRUE">GCS_WGS_1984</geogcsn><csUnits Sync="TRUE">Angular Unit: Degree (0.017453)</csUnits><peXml Sync="TRUE">&lt;GeographicCoordinateSystem xsi:type='typens:GeographicCoordinateSystem' xmlns:xsi='http://www.w3.org/2001/XMLSchema-instance' xmlns:xs='http://www.w3.org/2001/XMLSchema' xmlns:typens='http://www.esri.com/schemas/ArcGIS/10.7'&gt;&lt;WKT&gt;GEOGCS[&amp;quot;GCS_WGS_1984&amp;quot;,DATUM[&amp;quot;D_WGS_1984&amp;quot;,SPHEROID[&amp;quot;WGS_1984&amp;quot;,6378137.0,298.257223563]],PRIMEM[&amp;quot;Greenwich&amp;quot;,0.0],UNIT[&amp;quot;Degree&amp;quot;,0.0174532925199433],AUTHORITY[&amp;quot;EPSG&amp;quot;,4326]]&lt;/WKT&gt;&lt;XOrigin&gt;-400&lt;/XOrigin&gt;&lt;YOrigin&gt;-400&lt;/YOrigin&gt;&lt;XYScale&gt;11258999068426.238&lt;/XYScale&gt;&lt;ZOrigin&gt;-100000&lt;/ZOrigin&gt;&lt;ZScale&gt;10000&lt;/ZScale&gt;&lt;MOrigin&gt;-100000&lt;/MOrigin&gt;&lt;MScale&gt;10000&lt;/MScale&gt;&lt;XYTolerance&gt;8.983152841195215e-09&lt;/XYTolerance&gt;&lt;ZTolerance&gt;0.001&lt;/ZTolerance&gt;&lt;MTolerance&gt;0.001&lt;/MTolerance&gt;&lt;HighPrecision&gt;true&lt;/HighPrecision&gt;&lt;LeftLongitude&gt;-180&lt;/LeftLongitude&gt;&lt;WKID&gt;4326&lt;/WKID&gt;&lt;LatestWKID&gt;4326&lt;/LatestWKID&gt;&lt;/GeographicCoordinateSystem&gt;</peXml></coordRef></DataProperties><SyncDate>20240312</SyncDate><SyncTime>08424300</SyncTime><ModDate>20240312</ModDate><ModTime>08424300</ModTime></Esri><dataIdInfo><envirDesc Sync="TRUE"> Version 6.2 (Build 9200) ; Esri ArcGIS 10.8.0.12790</envirDesc><dataLang><languageCode value="eng" Sync="TRUE"></languageCode><countryCode value="USA" Sync="TRUE"></countryCode></dataLang><idCitation><resTitle Sync="TRUE">SantoDomingo_PS_dis</resTitle><presForm><PresFormCd value="005" Sync="TRUE"></PresFormCd></presForm></idCitation><spatRpType><SpatRepTypCd value="001" Sync="TRUE"></SpatRepTypCd></spatRpType></dataIdInfo><mdLang><languageCode value="eng" Sync="TRUE"></languageCode><countryCode value="USA" Sync="TRUE"></countryCode></mdLang><mdChar><CharSetCd value="004" Sync="TRUE"></CharSetCd></mdChar><distInfo><distFormat><formatName Sync="TRUE">Shapefile</formatName></distFormat><distTranOps><transSize Sync="TRUE">0.000</transSize></distTranOps></distInfo><mdHrLv><ScopeCd value="005" Sync="TRUE"></ScopeCd></mdHrLv><mdHrLvName Sync="TRUE">dataset</mdHrLvName><refSysInfo><RefSystem><refSysID><identCode code="4326" Sync="TRUE"></identCode><idCodeSpace Sync="TRUE">EPSG</idCodeSpace><idVersion Sync="TRUE">6.14(3.0.1)</idVersion></refSysID></RefSystem></refSysInfo><spatRepInfo><VectSpatRep><geometObjs Name="SantoDomingo_PS_dis"><geoObjTyp><GeoObjTypCd value="002" Sync="TRUE"></GeoObjTypCd></geoObjTyp><geoObjCnt Sync="TRUE">0</geoObjCnt></geometObjs><topLvl><TopoLevCd value="001" Sync="TRUE"></TopoLevCd></topLvl></VectSpatRep></spatRepInfo><spdoinfo><ptvctinf><esriterm Name="SantoDomingo_PS_dis"><efeatyp Sync="TRUE">Simple</efeatyp><efeageom code="4" Sync="TRUE"></efeageom><esritopo Sync="TRUE">FALSE</esritopo><efeacnt Sync="TRUE">0</efeacnt><spindex Sync="TRUE">FALSE</spindex><linrefer Sync="TRUE">TRUE</linrefer></esriterm></ptvctinf></spdoinfo><eainfo><detailed Name="SantoDomingo_PS_dis"><enttyp><enttypl Sync="TRUE">SantoDomingo_PS_dis</enttypl><enttypt Sync="TRUE">Feature Class</enttypt><enttypc Sync="TRUE">0</enttypc></enttyp><attr><attrlabl Sync="TRUE">FID</attrlabl><attalias Sync="TRUE">FID</attalias><attrtype Sync="TRUE">OID</attrtype><attwidth Sync="TRUE">4</attwidth><atprecis Sync="TRUE">0</atprecis><attscale Sync="TRUE">0</attscale><attrdef Sync="TRUE">Internal feature number.</attrdef><attrdefs Sync="TRUE">Esri</attrdefs><attrdomv><udom Sync="TRUE">Sequential unique whole numbers that are automatically generated.</udom></attrdomv></attr><attr><attrlabl Sync="TRUE">Shape</attrlabl><attalias Sync="TRUE">Shape</attalias><attrtype Sync="TRUE">Geometry</attrtype><attwidth Sync="TRUE">0</attwidth><atprecis Sync="TRUE">0</atprecis><attscale Sync="TRUE">0</attscale><attrdef Sync="TRUE">Feature geometry.</attrdef><attrdefs Sync="TRUE">Esri</attrdefs><attrdomv><udom Sync="TRUE">Coordinates defining the features.</udom></attrdomv></attr><attr><attrlabl Sync="TRUE">Nombre</attrlabl><attalias Sync="TRUE">Nombre</attalias><attrtype Sync="TRUE">String</attrtype><attwidth Sync="TRUE">50</attwidth><atprecis Sync="TRUE">0</atprecis><attscale Sync="TRUE">0</attscale></attr></detailed></eainfo><mdDateSt Sync="TRUE">20240312</mdDateSt></metadata>
